Date,Delta_Noise,Port_Type,Expected_Sharpe
2017-08-31,-0.1,BL,0.547491238018353
2017-08-31,-0.1,TAN,0.8937445886181645
2017-08-31,-0.05,BL,0.5489674827792258
2017-08-31,-0.05,TAN,0.8937445886181645
2017-08-31,0.0,BL,0.548811641227022
2017-08-31,0.0,TAN,0.8937445886181645
2017-08-31,0.05,BL,0.5486137056049563
2017-08-31,0.05,TAN,0.8937445886181645
2017-08-31,0.1,BL,0.5484998078151844
2017-08-31,0.1,TAN,0.8937445886181645
2017-09-30,-0.1,BL,0.592290744438226
2017-09-30,-0.1,TAN,0.9614618934025804
2017-09-30,-0.05,BL,0.5937083971832824
2017-09-30,-0.05,TAN,0.9614618934025804
2017-09-30,0.0,BL,0.5935587409676389
2017-09-30,0.0,TAN,0.9614618934025804
2017-09-30,0.05,BL,0.5933686613918105
2017-09-30,0.05,TAN,0.9614618934025804
2017-09-30,0.1,BL,0.5932592841946103
2017-09-30,0.1,TAN,0.9614618934025804
2017-10-31,-0.1,BL,0.5065130840834655
2017-10-31,-0.1,TAN,0.9212234176424268
2017-10-31,-0.05,BL,0.5080264192403577
2017-10-31,-0.05,TAN,0.9212234176424268
2017-10-31,0.0,BL,0.5078666621959261
2017-10-31,0.0,TAN,0.9212234176424268
2017-10-31,0.05,BL,0.5076637534753585
2017-10-31,0.05,TAN,0.9212234176424268
2017-10-31,0.1,BL,0.5075469940231846
2017-10-31,0.1,TAN,0.9212234176424268
2017-11-30,-0.1,BL,0.5937455763562414
2017-11-30,-0.1,TAN,1.0196387557560358
2017-11-30,-0.05,BL,0.5951895367631335
2017-11-30,-0.05,TAN,1.0196387557560358
2017-11-30,0.0,BL,0.5950371033475542
2017-11-30,0.0,TAN,1.0196387557560358
2017-11-30,0.05,BL,0.5948434964275151
2017-11-30,0.05,TAN,1.0196387557560358
2017-11-30,0.1,BL,0.5947320894960753
2017-11-30,0.1,TAN,1.0196387557560358
2017-12-31,-0.1,BL,0.6485391128144792
2017-12-31,-0.1,TAN,1.0512180741266148
2017-12-31,-0.05,BL,0.6501071774345757
2017-12-31,-0.05,TAN,1.0512180741266148
2017-12-31,0.0,BL,0.6499416428085918
2017-12-31,0.0,TAN,1.0512180741266148
2017-12-31,0.05,BL,0.649731395934737
2017-12-31,0.05,TAN,1.0512180741266148
2017-12-31,0.1,BL,0.6496104139003333
2017-12-31,0.1,TAN,1.0512180741266148
2018-01-31,-0.1,BL,0.8249042209357696
2018-01-31,-0.1,TAN,1.258109588951075
2018-01-31,-0.05,BL,0.8260413626365603
2018-01-31,-0.05,TAN,1.258109588951075
2018-01-31,0.0,BL,0.8259213189063986
2018-01-31,0.0,TAN,1.258109588951075
2018-01-31,0.05,BL,0.8257688503890576
2018-01-31,0.05,TAN,1.258109588951075
2018-01-31,0.1,BL,0.8256811156652432
2018-01-31,0.1,TAN,1.258109588951075
2018-02-28,-0.1,BL,0.8113294439640198
2018-02-28,-0.1,TAN,1.2563465537050433
2018-02-28,-0.05,BL,0.812437310960355
2018-02-28,-0.05,TAN,1.2563465537050433
2018-02-28,0.0,BL,0.8123203576495488
2018-02-28,0.0,TAN,1.2563465537050433
2018-02-28,0.05,BL,0.812171814298949
2018-02-28,0.05,TAN,1.2563465537050433
2018-02-28,0.1,BL,0.8120863382277796
2018-02-28,0.1,TAN,1.2563465537050433
2018-03-31,-0.1,BL,0.6601755970337516
2018-03-31,-0.1,TAN,1.281139496402858
2018-03-31,-0.05,BL,0.6600029147239868
2018-03-31,-0.05,TAN,1.281139496402858
2018-03-31,0.0,BL,0.6600211441395316
2018-03-31,0.0,TAN,1.281139496402858
2018-03-31,0.05,BL,0.6600442974683759
2018-03-31,0.05,TAN,1.281139496402858
2018-03-31,0.1,BL,0.6600576205526884
2018-03-31,0.1,TAN,1.281139496402858
2018-04-30,-0.1,BL,0.7533463798348664
2018-04-30,-0.1,TAN,1.3772251806689435
2018-04-30,-0.05,BL,0.7533252441709374
2018-04-30,-0.05,TAN,1.3772251806689435
2018-04-30,0.0,BL,0.7533274753826991
2018-04-30,0.0,TAN,1.3772251806689435
2018-04-30,0.05,BL,0.7533303092628918
2018-04-30,0.05,TAN,1.3772251806689435
2018-04-30,0.1,BL,0.753331939958201
2018-04-30,0.1,TAN,1.3772251806689435
2018-05-31,-0.1,BL,0.8707603327265923
2018-05-31,-0.1,TAN,1.506457731034084
2018-05-31,-0.05,BL,0.8706761000547273
2018-05-31,-0.05,TAN,1.506457731034084
2018-05-31,0.0,BL,0.8706849921779563
2018-05-31,0.0,TAN,1.506457731034084
2018-05-31,0.05,BL,0.8706962861359405
2018-05-31,0.05,TAN,1.506457731034084
2018-05-31,0.1,BL,0.8707027850007673
2018-05-31,0.1,TAN,1.506457731034084
2018-06-30,-0.1,BL,0.6188761132265197
2018-06-30,-0.1,TAN,1.1598063108086774
2018-06-30,-0.05,BL,0.6189681942460308
2018-06-30,-0.05,TAN,1.1598063108086774
2018-06-30,0.0,BL,0.6189584736025511
2018-06-30,0.0,TAN,1.1598063108086774
2018-06-30,0.05,BL,0.6189461273342626
2018-06-30,0.05,TAN,1.1598063108086774
2018-06-30,0.1,BL,0.6189390229401401
2018-06-30,0.1,TAN,1.1598063108086774
2018-07-31,-0.1,BL,0.26794148002409596
2018-07-31,-0.1,TAN,0.8902948710810286
2018-07-31,-0.05,BL,0.2676866461883443
2018-07-31,-0.05,TAN,0.8902948710810286
2018-07-31,0.0,BL,0.2677135480284526
2018-07-31,0.0,TAN,0.8902948710810286
2018-07-31,0.05,BL,0.2677477162742202
2018-07-31,0.05,TAN,0.8902948710810286
2018-07-31,0.1,BL,0.26776737765519215
2018-07-31,0.1,TAN,0.8902948710810286
2018-08-31,-0.1,BL,0.1376495066593422
2018-08-31,-0.1,TAN,0.6794288946218017
2018-08-31,-0.05,BL,0.1375164056085235
2018-08-31,-0.05,TAN,0.6794288946218017
2018-08-31,0.0,BL,0.1375304565809024
2018-08-31,0.0,TAN,0.6794288946218017
2018-08-31,0.05,BL,0.13754830283512098
2018-08-31,0.05,TAN,0.6794288946218017
2018-08-31,0.1,BL,0.1375585720776656
2018-08-31,0.1,TAN,0.6794288946218017
2018-09-30,-0.1,BL,0.05523921797314586
2018-09-30,-0.1,TAN,0.6554630424860343
2018-09-30,-0.05,BL,0.0551219104182418
2018-09-30,-0.05,TAN,0.6554630424860343
2018-09-30,0.0,BL,0.055134294131245244
2018-09-30,0.0,TAN,0.6554630424860343
2018-09-30,0.05,BL,0.05515002278578029
2018-09-30,0.05,TAN,0.6554630424860343
2018-09-30,0.1,BL,0.055159073501204484
2018-09-30,0.1,TAN,0.6554630424860343
2018-10-31,-0.1,BL,0.33480430449484827
2018-10-31,-0.1,TAN,0.995812066375382
2018-10-31,-0.05,BL,0.33462438107281217
2018-10-31,-0.05,TAN,0.995812066375382
2018-10-31,0.0,BL,0.3346433749050757
2018-10-31,0.0,TAN,0.995812066375382
2018-10-31,0.05,BL,0.3346674991258071
2018-10-31,0.05,TAN,0.995812066375382
2018-10-31,0.1,BL,0.334681380888941
2018-10-31,0.1,TAN,0.995812066375382
2018-11-30,-0.1,BL,0.3508942065035415
2018-11-30,-0.1,TAN,0.9316426941906433
2018-11-30,-0.05,BL,0.3507694487429792
2018-11-30,-0.05,TAN,0.9316426941906433
2018-11-30,0.0,BL,0.3507826189458959
2018-11-30,0.0,TAN,0.9316426941906433
2018-11-30,0.05,BL,0.35079934652766215
2018-11-30,0.05,TAN,0.9316426941906433
2018-11-30,0.1,BL,0.35080897205424255
2018-11-30,0.1,TAN,0.9316426941906433
2018-12-31,-0.1,BL,-0.05541948007929251
2018-12-31,-0.1,TAN,0.6794408111495192
2018-12-31,-0.05,BL,-0.05643334168152172
2018-12-31,-0.05,TAN,0.6794408111495192
2018-12-31,0.0,BL,-0.05632631216311187
2018-12-31,0.0,TAN,0.6794408111495192
2018-12-31,0.05,BL,-0.056190373101890706
2018-12-31,0.05,TAN,0.6794408111495192
2018-12-31,0.1,BL,-0.056112149897521675
2018-12-31,0.1,TAN,0.6794408111495192
2019-01-31,-0.1,BL,0.14049654141607357
2019-01-31,-0.1,TAN,0.7674176872881571
2019-01-31,-0.05,BL,0.13976478239600737
2019-01-31,-0.05,TAN,0.7674176872881571
2019-01-31,0.0,BL,0.1398420314163249
2019-01-31,0.0,TAN,0.7674176872881571
2019-01-31,0.05,BL,0.13994014602487617
2019-01-31,0.05,TAN,0.7674176872881571
2019-01-31,0.1,BL,0.13999660396277389
2019-01-31,0.1,TAN,0.7674176872881571
2019-02-28,-0.1,BL,0.0574340709725167
2019-02-28,-0.1,TAN,0.6773427789826514
2019-02-28,-0.05,BL,0.05645843773134375
2019-02-28,-0.05,TAN,0.6773427789826514
2019-02-28,0.0,BL,0.056561431626879176
2019-02-28,0.0,TAN,0.6773427789826514
2019-02-28,0.05,BL,0.05669224501068778
2019-02-28,0.05,TAN,0.6773427789826514
2019-02-28,0.1,BL,0.05676751875440753
2019-02-28,0.1,TAN,0.6773427789826514
2019-03-31,-0.1,BL,0.26492960226731677
2019-03-31,-0.1,TAN,0.8271892973805535
2019-03-31,-0.05,BL,0.2643290848796243
2019-03-31,-0.05,TAN,0.8271892973805535
2019-03-31,0.0,BL,0.26439247921930553
2019-03-31,0.0,TAN,0.8271892973805535
2019-03-31,0.05,BL,0.26447299688537595
2019-03-31,0.05,TAN,0.8271892973805535
2019-03-31,0.1,BL,0.2645193290417978
2019-03-31,0.1,TAN,0.8271892973805535
2019-04-30,-0.1,BL,0.29811623934398984
2019-04-30,-0.1,TAN,0.8294710802500316
2019-04-30,-0.05,BL,0.2975234067414739
2019-04-30,-0.05,TAN,0.8294710802500316
2019-04-30,0.0,BL,0.297585989827573
2019-04-30,0.0,TAN,0.8294710802500316
2019-04-30,0.05,BL,0.29766547711387537
2019-04-30,0.05,TAN,0.8294710802500316
2019-04-30,0.1,BL,0.2977112163604562
2019-04-30,0.1,TAN,0.8294710802500316
2019-05-31,-0.1,BL,0.44282774512447
2019-05-31,-0.1,TAN,0.9696565606439764
2019-05-31,-0.05,BL,0.44221905582523263
2019-05-31,-0.05,TAN,0.9696565606439764
2019-05-31,0.0,BL,0.44228331284257644
2019-05-31,0.0,TAN,0.9696565606439764
2019-05-31,0.05,BL,0.44236492620255746
2019-05-31,0.05,TAN,0.9696565606439764
2019-05-31,0.1,BL,0.4424118888524367
2019-05-31,0.1,TAN,0.9696565606439764
2019-06-30,-0.1,BL,0.35399415989204447
2019-06-30,-0.1,TAN,0.8958372270069846
2019-06-30,-0.05,BL,0.353404908686458
2019-06-30,-0.05,TAN,0.8958372270069846
2019-06-30,0.0,BL,0.3534671136980866
2019-06-30,0.0,TAN,0.8958372270069846
2019-06-30,0.05,BL,0.35354612078893083
2019-06-30,0.05,TAN,0.8958372270069846
2019-06-30,0.1,BL,0.35359158371737975
2019-06-30,0.1,TAN,0.8958372270069846
2019-07-31,-0.1,BL,0.2735126878806717
2019-07-31,-0.1,TAN,0.7943714583535461
2019-07-31,-0.05,BL,0.2729290663734211
2019-07-31,-0.05,TAN,0.7943714583535461
2019-07-31,0.0,BL,0.27299067707917946
2019-07-31,0.0,TAN,0.7943714583535461
2019-07-31,0.05,BL,0.2730689293373079
2019-07-31,0.05,TAN,0.7943714583535461
2019-07-31,0.1,BL,0.27311395791353116
2019-07-31,0.1,TAN,0.7943714583535461
2019-08-31,-0.1,BL,0.3082660903890774
2019-08-31,-0.1,TAN,0.8256526429518065
2019-08-31,-0.05,BL,0.307650363868591
2019-08-31,-0.05,TAN,0.8256526429518065
2019-08-31,0.0,BL,0.3077153637786526
2019-08-31,0.0,TAN,0.8256526429518065
2019-08-31,0.05,BL,0.3077979206927125
2019-08-31,0.05,TAN,0.8256526429518065
2019-08-31,0.1,BL,0.3078454262904603
2019-08-31,0.1,TAN,0.8256526429518065
2019-09-30,-0.1,BL,0.35783492828076074
2019-09-30,-0.1,TAN,0.8845941236298868
2019-09-30,-0.05,BL,0.35729996467262193
2019-09-30,-0.05,TAN,0.8845941236298868
2019-09-30,0.0,BL,0.3573564387487877
2019-09-30,0.0,TAN,0.8845941236298868
2019-09-30,0.05,BL,0.3574281669319223
2019-09-30,0.05,TAN,0.8845941236298868
2019-09-30,0.1,BL,0.35746944136973263
2019-09-30,0.1,TAN,0.8845941236298868
2019-10-31,-0.1,BL,0.409018800067487
2019-10-31,-0.1,TAN,0.9088714156683885
2019-10-31,-0.05,BL,0.4085670201911398
2019-10-31,-0.05,TAN,0.9088714156683885
2019-10-31,0.0,BL,0.408614712876696
2019-10-31,0.0,TAN,0.9088714156683885
2019-10-31,0.05,BL,0.4086752877442462
2019-10-31,0.05,TAN,0.9088714156683885
2019-10-31,0.1,BL,0.408710144246869
2019-10-31,0.1,TAN,0.9088714156683885
2019-11-30,-0.1,BL,0.4466394303363133
2019-11-30,-0.1,TAN,0.9783074934688908
2019-11-30,-0.05,BL,0.4460553575914375
2019-11-30,-0.05,TAN,0.9783074934688908
2019-11-30,0.0,BL,0.44611701593263803
2019-11-30,0.0,TAN,0.9783074934688908
2019-11-30,0.05,BL,0.44619532869292866
2019-11-30,0.05,TAN,0.9783074934688908
2019-11-30,0.1,BL,0.44624039208381794
2019-11-30,0.1,TAN,0.9783074934688908
2019-12-31,-0.1,BL,0.5626169273720383
2019-12-31,-0.1,TAN,1.0382992652422411
2019-12-31,-0.05,BL,0.5621130181188182
2019-12-31,-0.05,TAN,1.0382992652422411
2019-12-31,0.0,BL,0.5621662139046886
2019-12-31,0.0,TAN,1.0382992652422411
2019-12-31,0.05,BL,0.5622337783046745
2019-12-31,0.05,TAN,1.0382992652422411
2019-12-31,0.1,BL,0.5622726567831685
2019-12-31,0.1,TAN,1.0382992652422411
2020-01-31,-0.1,BL,0.5870079823295301
2020-01-31,-0.1,TAN,1.038241299054831
2020-01-31,-0.05,BL,0.5865249316418525
2020-01-31,-0.05,TAN,1.038241299054831
2020-01-31,0.0,BL,0.5865759254681855
2020-01-31,0.0,TAN,1.038241299054831
2020-01-31,0.05,BL,0.5866406931414663
2020-01-31,0.05,TAN,1.038241299054831
2020-01-31,0.1,BL,0.586677962303825
2020-01-31,0.1,TAN,1.038241299054831
2020-02-29,-0.1,BL,0.9253276513221478
2020-02-29,-0.1,TAN,1.0555353131821517
2020-02-29,-0.05,BL,0.9268203818045608
2020-02-29,-0.05,TAN,1.0555353131821517
2020-02-29,0.0,BL,0.9266627999173516
2020-02-29,0.0,TAN,1.0555353131821517
2020-02-29,0.05,BL,0.9264626538816507
2020-02-29,0.05,TAN,1.0555353131821517
2020-02-29,0.1,BL,0.9263474841569694
2020-02-29,0.1,TAN,1.0555353131821517
2020-03-31,-0.1,BL,0.6159008374926989
2020-03-31,-0.1,TAN,0.9638009137924968
2020-03-31,-0.05,BL,0.6158252163717266
2020-03-31,-0.05,TAN,0.9638009137924968
2020-03-31,0.0,BL,0.6158331994062368
2020-03-31,0.0,TAN,0.9638009137924968
2020-03-31,0.05,BL,0.615843338723251
2020-03-31,0.05,TAN,0.9638009137924968
2020-03-31,0.1,BL,0.6158491731748047
2020-03-31,0.1,TAN,0.9638009137924968
2020-04-30,-0.1,BL,0.6312327223077502
2020-04-30,-0.1,TAN,0.9135423465870851
2020-04-30,-0.05,BL,0.6312751543273153
2020-04-30,-0.05,TAN,0.9135423465870851
2020-04-30,0.0,BL,0.6312706749401787
2020-04-30,0.0,TAN,0.9135423465870851
2020-04-30,0.05,BL,0.6312649856341702
2020-04-30,0.05,TAN,0.9135423465870851
2020-04-30,0.1,BL,0.6312617118455871
2020-04-30,0.1,TAN,0.9135423465870851
2020-05-31,-0.1,BL,0.2425314113215446
2020-05-31,-0.1,TAN,0.5824322797955102
2020-05-31,-0.05,BL,0.24321445750443751
2020-05-31,-0.05,TAN,0.5824322797955102
2020-05-31,0.0,BL,0.24314235091331507
2020-05-31,0.0,TAN,0.5824322797955102
2020-05-31,0.05,BL,0.24305076774587978
2020-05-31,0.05,TAN,0.5824322797955102
2020-05-31,0.1,BL,0.24299806818507141
2020-05-31,0.1,TAN,0.5824322797955102
2020-06-30,-0.1,BL,0.3797605473997104
2020-06-30,-0.1,TAN,0.686923627930144
2020-06-30,-0.05,BL,0.3803311872720522
2020-06-30,-0.05,TAN,0.686923627930144
2020-06-30,0.0,BL,0.38027094698818314
2020-06-30,0.0,TAN,0.686923627930144
2020-06-30,0.05,BL,0.3801944353140345
2020-06-30,0.05,TAN,0.686923627930144
2020-06-30,0.1,BL,0.38015040831936664
2020-06-30,0.1,TAN,0.686923627930144
2020-07-31,-0.1,BL,0.4298392145441463
2020-07-31,-0.1,TAN,0.7255580846654779
2020-07-31,-0.05,BL,0.43030039678791965
2020-07-31,-0.05,TAN,0.7255580846654779
2020-07-31,0.0,BL,0.4302517115301471
2020-07-31,0.0,TAN,0.7255580846654779
2020-07-31,0.05,BL,0.4301898759885578
2020-07-31,0.05,TAN,0.7255580846654779
2020-07-31,0.1,BL,0.4301542940582167
2020-07-31,0.1,TAN,0.7255580846654779
2020-08-31,-0.1,BL,0.424702672461814
2020-08-31,-0.1,TAN,0.5942965506165423
2020-08-31,-0.05,BL,0.4257332624012908
2020-08-31,-0.05,TAN,0.5942965506165423
2020-08-31,0.0,BL,0.4256244669358567
2020-08-31,0.0,TAN,0.5942965506165423
2020-08-31,0.05,BL,0.4254862849309673
2020-08-31,0.05,TAN,0.5942965506165423
2020-08-31,0.1,BL,0.425406771072982
2020-08-31,0.1,TAN,0.5942965506165423
2020-09-30,-0.1,BL,0.25597294703864487
2020-09-30,-0.1,TAN,0.4929161413682154
2020-09-30,-0.05,BL,0.2564412176693743
2020-09-30,-0.05,TAN,0.4929161413682154
2020-09-30,0.0,BL,0.25639178411751445
2020-09-30,0.0,TAN,0.4929161413682154
2020-09-30,0.05,BL,0.2563289981615232
2020-09-30,0.05,TAN,0.4929161413682154
2020-09-30,0.1,BL,0.25629286933568834
2020-09-30,0.1,TAN,0.4929161413682154
2020-10-31,-0.1,BL,0.4949210386957382
2020-10-31,-0.1,TAN,0.6631872927402035
2020-10-31,-0.05,BL,0.4963601291788507
2020-10-31,-0.05,TAN,0.6631872927402035
2020-10-31,0.0,BL,0.49620820986262737
2020-10-31,0.0,TAN,0.6631872927402035
2020-10-31,0.05,BL,0.4960152559043588
2020-10-31,0.05,TAN,0.6631872927402035
2020-10-31,0.1,BL,0.4959042247057036
2020-10-31,0.1,TAN,0.6631872927402035
2020-11-30,-0.1,BL,0.3300231516457244
2020-11-30,-0.1,TAN,0.766661231960351
2020-11-30,-0.05,BL,0.3304499258448473
2020-11-30,-0.05,TAN,0.766661231960351
2020-11-30,0.0,BL,0.3304048729136568
2020-11-30,0.0,TAN,0.766661231960351
2020-11-30,0.05,BL,0.3303476508195814
2020-11-30,0.05,TAN,0.766661231960351
2020-11-30,0.1,BL,0.33031472359822883
2020-11-30,0.1,TAN,0.766661231960351
2020-12-31,-0.1,BL,0.3023924014811204
2020-12-31,-0.1,TAN,0.7763546261662273
2020-12-31,-0.05,BL,0.3030201266567758
2020-12-31,-0.05,TAN,0.7763546261662273
2020-12-31,0.0,BL,0.3029538600942623
2020-12-31,0.0,TAN,0.7763546261662273
2020-12-31,0.05,BL,0.30286969439462846
2020-12-31,0.05,TAN,0.7763546261662273
2020-12-31,0.1,BL,0.30282126305587875
2020-12-31,0.1,TAN,0.7763546261662273
2021-01-31,-0.1,BL,0.257482697813669
2021-01-31,-0.1,TAN,0.7762853190398852
2021-01-31,-0.05,BL,0.258092724823323
2021-01-31,-0.05,TAN,0.7762853190398852
2021-01-31,0.0,BL,0.25802832658897157
2021-01-31,0.0,TAN,0.7762853190398852
2021-01-31,0.05,BL,0.2579465338681214
2021-01-31,0.05,TAN,0.7762853190398852
2021-01-31,0.1,BL,0.25789946800889374
2021-01-31,0.1,TAN,0.7762853190398852
2021-02-28,-0.1,BL,0.49163941228583435
2021-02-28,-0.1,TAN,0.8572419378756726
2021-02-28,-0.05,BL,0.4939946605264341
2021-02-28,-0.05,TAN,0.8572419378756726
2021-02-28,0.0,BL,0.49374602591558314
2021-02-28,0.0,TAN,0.8572419378756726
2021-02-28,0.05,BL,0.49343023307554856
2021-02-28,0.05,TAN,0.8572419378756726
2021-02-28,0.1,BL,0.49324851688858656
2021-02-28,0.1,TAN,0.8572419378756726
2021-03-31,-0.1,BL,0.2167486521666171
2021-03-31,-0.1,TAN,0.5443066163758159
2021-03-31,-0.05,BL,0.21832284507580282
2021-03-31,-0.05,TAN,0.5443066163758159
2021-03-31,0.0,BL,0.2181566635096168
2021-03-31,0.0,TAN,0.5443066163758159
2021-03-31,0.05,BL,0.21794559495175325
2021-03-31,0.05,TAN,0.5443066163758159
2021-03-31,0.1,BL,0.21782414009698733
2021-03-31,0.1,TAN,0.5443066163758159
2021-04-30,-0.1,BL,0.028004492189169887
2021-04-30,-0.1,TAN,0.6163505555699353
2021-04-30,-0.05,BL,0.02875359454710361
2021-04-30,-0.05,TAN,0.6163505555699353
2021-04-30,0.0,BL,0.028674514656482398
2021-04-30,0.0,TAN,0.6163505555699353
2021-04-30,0.05,BL,0.028574074644677865
2021-04-30,0.05,TAN,0.6163505555699353
2021-04-30,0.1,BL,0.02851627860357212
2021-04-30,0.1,TAN,0.6163505555699353
2021-05-31,-0.1,BL,0.0661962566699535
2021-05-31,-0.1,TAN,0.7625224259192804
2021-05-31,-0.05,BL,0.06722313722378095
2021-05-31,-0.05,TAN,0.7625224259192804
2021-05-31,0.0,BL,0.06711473334410059
2021-05-31,0.0,TAN,0.7625224259192804
2021-05-31,0.05,BL,0.06697704869545956
2021-05-31,0.05,TAN,0.7625224259192804
2021-05-31,0.1,BL,0.06689782103041333
2021-05-31,0.1,TAN,0.7625224259192804
2021-06-30,-0.1,BL,0.27624857236836625
2021-06-30,-0.1,TAN,0.9265168127404666
2021-06-30,-0.05,BL,0.2771759904520771
2021-06-30,-0.05,TAN,0.9265168127404666
2021-06-30,0.0,BL,0.27707808644758
2021-06-30,0.0,TAN,0.9265168127404666
2021-06-30,0.05,BL,0.2769537377757474
2021-06-30,0.05,TAN,0.9265168127404666
2021-06-30,0.1,BL,0.2768821840112709
2021-06-30,0.1,TAN,0.9265168127404666
2021-07-31,-0.1,BL,0.5144949605217221
2021-07-31,-0.1,TAN,1.3677285365941598
2021-07-31,-0.05,BL,0.5152355598697049
2021-07-31,-0.05,TAN,1.3677285365941598
2021-07-31,0.0,BL,0.5151573776095473
2021-07-31,0.0,TAN,1.3677285365941598
2021-07-31,0.05,BL,0.5150580776854902
2021-07-31,0.05,TAN,1.3677285365941598
2021-07-31,0.1,BL,0.515000937683319
2021-07-31,0.1,TAN,1.3677285365941598
2021-08-31,-0.1,BL,0.5146934786443517
2021-08-31,-0.1,TAN,1.4543622838882322
2021-08-31,-0.05,BL,0.5154191431725296
2021-08-31,-0.05,TAN,1.4543622838882322
2021-08-31,0.0,BL,0.5153425375245719
2021-08-31,0.0,TAN,1.4543622838882322
2021-08-31,0.05,BL,0.5152452400684843
2021-08-31,0.05,TAN,1.4543622838882322
2021-08-31,0.1,BL,0.5151892523433684
2021-08-31,0.1,TAN,1.4543622838882322
2021-09-30,-0.1,BL,0.43167746976013116
2021-09-30,-0.1,TAN,1.2745037778609767
2021-09-30,-0.05,BL,0.4324902335891156
2021-09-30,-0.05,TAN,1.2745037778609767
2021-09-30,0.0,BL,0.4324044331988001
2021-09-30,0.0,TAN,1.2745037778609767
2021-09-30,0.05,BL,0.43229545742571257
2021-09-30,0.05,TAN,1.2745037778609767
2021-09-30,0.1,BL,0.43223274966465464
2021-09-30,0.1,TAN,1.2745037778609767
2021-10-31,-0.1,BL,0.419340502262683
2021-10-31,-0.1,TAN,1.155890782099357
2021-10-31,-0.05,BL,0.42075238309691176
2021-10-31,-0.05,TAN,1.155890782099357
2021-10-31,0.0,BL,0.42060333619997115
2021-10-31,0.0,TAN,1.155890782099357
2021-10-31,0.05,BL,0.42041403052477916
2021-10-31,0.05,TAN,1.155890782099357
2021-10-31,0.1,BL,0.4203050986520287
2021-10-31,0.1,TAN,1.155890782099357
2021-11-30,-0.1,BL,0.4386082648888987
2021-11-30,-0.1,TAN,1.1350164711490511
2021-11-30,-0.05,BL,0.4398937643843013
2021-11-30,-0.05,TAN,1.1350164711490511
2021-11-30,0.0,BL,0.4397580590852679
2021-11-30,0.0,TAN,1.1350164711490511
2021-11-30,0.05,BL,0.4395856986820125
2021-11-30,0.05,TAN,1.1350164711490511
2021-11-30,0.1,BL,0.4394865176009615
2021-11-30,0.1,TAN,1.1350164711490511
2021-12-31,-0.1,BL,0.56124446102103
2021-12-31,-0.1,TAN,1.3551598418594206
2021-12-31,-0.05,BL,0.5624090980066045
2021-12-31,-0.05,TAN,1.3551598418594206
2021-12-31,0.0,BL,0.5622861517036631
2021-12-31,0.0,TAN,1.3551598418594206
2021-12-31,0.05,BL,0.5621299966050438
2021-12-31,0.05,TAN,1.3551598418594206
2021-12-31,0.1,BL,0.5620401405174495
2021-12-31,0.1,TAN,1.3551598418594206
2022-01-31,-0.1,BL,0.589568211269922
2022-01-31,-0.1,TAN,1.4466958756416748
2022-01-31,-0.05,BL,0.590683202660417
2022-01-31,-0.05,TAN,1.4466958756416748
2022-01-31,0.0,BL,0.5905654972543799
2022-01-31,0.0,TAN,1.4466958756416748
2022-01-31,0.05,BL,0.5904159986615145
2022-01-31,0.05,TAN,1.4466958756416748
2022-01-31,0.1,BL,0.5903299729167614
2022-01-31,0.1,TAN,1.4466958756416748
2022-02-28,-0.1,BL,0.8001968576535974
2022-02-28,-0.1,TAN,1.5951217800862851
2022-02-28,-0.05,BL,0.8026290682903561
2022-02-28,-0.05,TAN,1.5951217800862851
2022-02-28,0.0,BL,0.8023723090516678
2022-02-28,0.0,TAN,1.5951217800862851
2022-02-28,0.05,BL,0.8020461970557838
2022-02-28,0.05,TAN,1.5951217800862851
2022-02-28,0.1,BL,0.8018585429328844
2022-02-28,0.1,TAN,1.5951217800862851
2022-03-31,-0.1,BL,0.6549583622726507
2022-03-31,-0.1,TAN,1.6096758179305368
2022-03-31,-0.05,BL,0.6558713726267648
2022-03-31,-0.05,TAN,1.6096758179305368
2022-03-31,0.0,BL,0.6557749895915566
2022-03-31,0.0,TAN,1.6096758179305368
2022-03-31,0.05,BL,0.6556525727151795
2022-03-31,0.05,TAN,1.6096758179305368
2022-03-31,0.1,BL,0.655582130560783
2022-03-31,0.1,TAN,1.6096758179305368
2022-04-30,-0.1,BL,0.5362933569140873
2022-04-30,-0.1,TAN,1.530994905007394
2022-04-30,-0.05,BL,0.5370051449982669
2022-04-30,-0.05,TAN,1.530994905007394
2022-04-30,0.0,BL,0.5369300042337956
2022-04-30,0.0,TAN,1.530994905007394
2022-04-30,0.05,BL,0.5368345673381295
2022-04-30,0.05,TAN,1.530994905007394
2022-04-30,0.1,BL,0.5367796502324281
2022-04-30,0.1,TAN,1.530994905007394
2022-05-31,-0.1,BL,0.7850761151644006
2022-05-31,-0.1,TAN,1.4952512272652243
2022-05-31,-0.05,BL,0.7877159616170705
2022-05-31,-0.05,TAN,1.4952512272652243
2022-05-31,0.0,BL,0.7874372830539569
2022-05-31,0.0,TAN,1.4952512272652243
2022-05-31,0.05,BL,0.7870833311459698
2022-05-31,0.05,TAN,1.4952512272652243
2022-05-31,0.1,BL,0.7868796571453802
2022-05-31,0.1,TAN,1.4952512272652243
2022-06-30,-0.1,BL,0.6604212682865357
2022-06-30,-0.1,TAN,1.2029442509876764
2022-06-30,-0.05,BL,0.6629606962845341
2022-06-30,-0.05,TAN,1.2029442509876764
2022-06-30,0.0,BL,0.6626926185162622
2022-06-30,0.0,TAN,1.2029442509876764
2022-06-30,0.05,BL,0.6623521307639619
2022-06-30,0.05,TAN,1.2029442509876764
2022-06-30,0.1,BL,0.6621562044217164
2022-06-30,0.1,TAN,1.2029442509876764
2022-07-31,-0.1,BL,0.6266012851779594
2022-07-31,-0.1,TAN,1.058309605402542
2022-07-31,-0.05,BL,0.6289715701724917
2022-07-31,-0.05,TAN,1.058309605402542
2022-07-31,0.0,BL,0.628721348188642
2022-07-31,0.0,TAN,1.058309605402542
2022-07-31,0.05,BL,0.6284035392132603
2022-07-31,0.05,TAN,1.058309605402542
2022-07-31,0.1,BL,0.6282206628846445
2022-07-31,0.1,TAN,1.058309605402542
2022-08-31,-0.1,BL,0.5686056212885918
2022-08-31,-0.1,TAN,0.9290942088500082
2022-08-31,-0.05,BL,0.5710463036892397
2022-08-31,-0.05,TAN,0.9290942088500082
2022-08-31,0.0,BL,0.5707886501186158
2022-08-31,0.0,TAN,0.9290942088500082
2022-08-31,0.05,BL,0.5704614022244718
2022-08-31,0.05,TAN,0.9290942088500082
2022-08-31,0.1,BL,0.5702730944733881
2022-08-31,0.1,TAN,0.9290942088500082
2022-09-30,-0.1,BL,0.6930130424595057
2022-09-30,-0.1,TAN,0.9830789219285702
2022-09-30,-0.05,BL,0.6963756630878798
2022-09-30,-0.05,TAN,0.9830789219285702
2022-09-30,0.0,BL,0.6960206840003411
2022-09-30,0.0,TAN,0.9830789219285702
2022-09-30,0.05,BL,0.6955698221761443
2022-09-30,0.05,TAN,0.9830789219285702
2022-09-30,0.1,BL,0.6953103834519136
2022-09-30,0.1,TAN,0.9830789219285702
2022-10-31,-0.1,BL,0.7015835297370431
2022-10-31,-0.1,TAN,1.0061223050634427
2022-10-31,-0.05,BL,0.7047472248725687
2022-10-31,-0.05,TAN,1.0061223050634427
2022-10-31,0.0,BL,0.7044132455937338
2022-10-31,0.0,TAN,1.0061223050634427
2022-10-31,0.05,BL,0.703989055797249
2022-10-31,0.05,TAN,1.0061223050634427
2022-10-31,0.1,BL,0.7037449649167942
2022-10-31,0.1,TAN,1.0061223050634427
2022-11-30,-0.1,BL,0.5289330568803023
2022-11-30,-0.1,TAN,0.7970455730820023
2022-11-30,-0.05,BL,0.5320449684225812
2022-11-30,-0.05,TAN,0.7970455730820023
2022-11-30,0.0,BL,0.5317164557409962
2022-11-30,0.0,TAN,0.7970455730820023
2022-11-30,0.05,BL,0.5312992091141091
2022-11-30,0.05,TAN,0.7970455730820023
2022-11-30,0.1,BL,0.5310591135310287
2022-11-30,0.1,TAN,0.7970455730820023
2022-12-31,-0.1,BL,0.4577681132086217
2022-12-31,-0.1,TAN,0.7214385870553635
2022-12-31,-0.05,BL,0.4607364094717352
2022-12-31,-0.05,TAN,0.7214385870553635
2022-12-31,0.0,BL,0.46042305770967995
2022-12-31,0.0,TAN,0.7214385870553635
2022-12-31,0.05,BL,0.4600250670899082
2022-12-31,0.05,TAN,0.7214385870553635
2022-12-31,0.1,BL,0.45979605196130796
2022-12-31,0.1,TAN,0.7214385870553635
2023-01-31,-0.1,BL,0.5434107114712357
2023-01-31,-0.1,TAN,0.7290217956310031
2023-01-31,-0.05,BL,0.5465089004179872
2023-01-31,-0.05,TAN,0.7290217956310031
2023-01-31,0.0,BL,0.5461818363786898
2023-01-31,0.0,TAN,0.7290217956310031
2023-01-31,0.05,BL,0.5457664296841458
2023-01-31,0.05,TAN,0.7290217956310031
2023-01-31,0.1,BL,0.5455273928504963
2023-01-31,0.1,TAN,0.7290217956310031
2023-02-28,-0.1,BL,0.5621066545036467
2023-02-28,-0.1,TAN,0.7323515664578023
2023-02-28,-0.05,BL,0.5655827667181017
2023-02-28,-0.05,TAN,0.7323515664578023
2023-02-28,0.0,BL,0.565215806754894
2023-02-28,0.0,TAN,0.7323515664578023
2023-02-28,0.05,BL,0.5647497279231349
2023-02-28,0.05,TAN,0.7323515664578023
2023-02-28,0.1,BL,0.5644815328997086
2023-02-28,0.1,TAN,0.7323515664578023
2023-03-31,-0.1,BL,0.3986298414306018
2023-03-31,-0.1,TAN,0.8188592808427616
2023-03-31,-0.05,BL,0.40053575539291775
2023-03-31,-0.05,TAN,0.8188592808427616
2023-03-31,0.0,BL,0.4003345552951246
2023-03-31,0.0,TAN,0.8188592808427616
2023-03-31,0.05,BL,0.4000790094156516
2023-03-31,0.05,TAN,0.8188592808427616
2023-03-31,0.1,BL,0.3999319610442997
2023-03-31,0.1,TAN,0.8188592808427616
2023-04-30,-0.1,BL,0.3768609950589333
2023-04-30,-0.1,TAN,0.6367237010253778
2023-04-30,-0.05,BL,0.3787176059596181
2023-04-30,-0.05,TAN,0.6367237010253778
2023-04-30,0.0,BL,0.37852161059877415
2023-04-30,0.0,TAN,0.6367237010253778
2023-04-30,0.05,BL,0.3782726752980022
2023-04-30,0.05,TAN,0.6367237010253778
2023-04-30,0.1,BL,0.37812943084175815
2023-04-30,0.1,TAN,0.6367237010253778
2023-05-31,-0.1,BL,0.8515628066493316
2023-05-31,-0.1,TAN,1.1284467459758116
2023-05-31,-0.05,BL,0.8536954648479943
2023-05-31,-0.05,TAN,1.1284467459758116
2023-05-31,0.0,BL,0.8534703282224096
2023-05-31,0.0,TAN,1.1284467459758116
2023-05-31,0.05,BL,0.8531843803644433
2023-05-31,0.05,TAN,1.1284467459758116
2023-05-31,0.1,BL,0.8530198378294893
2023-05-31,0.1,TAN,1.1284467459758116
2023-06-30,-0.1,BL,0.6207866999580967
2023-06-30,-0.1,TAN,0.9204291819115308
2023-06-30,-0.05,BL,0.6223325311672541
2023-06-30,-0.05,TAN,0.9204291819115308
2023-06-30,0.0,BL,0.6221693436380141
2023-06-30,0.0,TAN,0.9204291819115308
2023-06-30,0.05,BL,0.6219620778308099
2023-06-30,0.05,TAN,0.9204291819115308
2023-06-30,0.1,BL,0.6218428111869919
2023-06-30,0.1,TAN,0.9204291819115308
2023-07-31,-0.1,BL,0.47001637613581954
2023-07-31,-0.1,TAN,0.8425447906462544
2023-07-31,-0.05,BL,0.471380215172372
2023-07-31,-0.05,TAN,0.8425447906462544
2023-07-31,0.0,BL,0.4712362398655355
2023-07-31,0.0,TAN,0.8425447906462544
2023-07-31,0.05,BL,0.4710533756581544
2023-07-31,0.05,TAN,0.8425447906462544
2023-07-31,0.1,BL,0.4709481503892931
2023-07-31,0.1,TAN,0.8425447906462544
2023-08-31,-0.1,BL,0.5531288633359777
2023-08-31,-0.1,TAN,0.8926600369960436
2023-08-31,-0.05,BL,0.5542625925652404
2023-08-31,-0.05,TAN,0.8926600369960436
2023-08-31,0.0,BL,0.5541429090767361
2023-08-31,0.0,TAN,0.8926600369960436
2023-08-31,0.05,BL,0.5539908981052524
2023-08-31,0.05,TAN,0.8926600369960436
2023-08-31,0.1,BL,0.5539034266663453
2023-08-31,0.1,TAN,0.8926600369960436
2023-09-30,-0.1,BL,0.6342864024870023
2023-09-30,-0.1,TAN,0.9927265703848134
2023-09-30,-0.05,BL,0.6350258918880717
2023-09-30,-0.05,TAN,0.9927265703848134
2023-09-30,0.0,BL,0.6349478268007938
2023-09-30,0.0,TAN,0.9927265703848134
2023-09-30,0.05,BL,0.6348486756989636
2023-09-30,0.05,TAN,0.9927265703848134
2023-09-30,0.1,BL,0.6347916213333368
2023-09-30,0.1,TAN,0.9927265703848134
2023-10-31,-0.1,BL,0.5223460897321618
2023-10-31,-0.1,TAN,0.9029342326719795
2023-10-31,-0.05,BL,0.5233011175889053
2023-10-31,-0.05,TAN,0.9029342326719795
2023-10-31,0.0,BL,0.5232002989255389
2023-10-31,0.0,TAN,0.9029342326719795
2023-10-31,0.05,BL,0.5230722483217876
2023-10-31,0.05,TAN,0.9029342326719795
2023-10-31,0.1,BL,0.5229985643603356
2023-10-31,0.1,TAN,0.9029342326719795
2023-11-30,-0.1,BL,0.39336725915794224
2023-11-30,-0.1,TAN,0.7301900682741114
2023-11-30,-0.05,BL,0.3939974781161113
2023-11-30,-0.05,TAN,0.7301900682741114
2023-11-30,0.0,BL,0.3939309482944499
2023-11-30,0.0,TAN,0.7301900682741114
2023-11-30,0.05,BL,0.39384644822723275
2023-11-30,0.05,TAN,0.7301900682741114
2023-11-30,0.1,BL,0.3937978244838602
2023-11-30,0.1,TAN,0.7301900682741114
2023-12-31,-0.1,BL,0.34239954587064997
2023-12-31,-0.1,TAN,0.6656358547722409
2023-12-31,-0.05,BL,0.343296489985304
2023-12-31,-0.05,TAN,0.6656358547722409
2023-12-31,0.0,BL,0.3432018030019713
2023-12-31,0.0,TAN,0.6656358547722409
2023-12-31,0.05,BL,0.34308154029486626
2023-12-31,0.05,TAN,0.6656358547722409
2023-12-31,0.1,BL,0.343012337710772
2023-12-31,0.1,TAN,0.6656358547722409
2024-01-31,-0.1,BL,0.2944454010957745
2024-01-31,-0.1,TAN,0.5830920113897198
2024-01-31,-0.05,BL,0.2956498619448878
2024-01-31,-0.05,TAN,0.5830920113897198
2024-01-31,0.0,BL,0.2955227115879351
2024-01-31,0.0,TAN,0.5830920113897198
2024-01-31,0.05,BL,0.29536121688614725
2024-01-31,0.05,TAN,0.5830920113897198
2024-01-31,0.1,BL,0.2952682882389359
2024-01-31,0.1,TAN,0.5830920113897198
2024-02-29,-0.1,BL,0.3778164597739354
2024-02-29,-0.1,TAN,0.5287834709097071
2024-02-29,-0.05,BL,0.3801719245968688
2024-02-29,-0.05,TAN,0.5287834709097071
2024-02-29,0.0,BL,0.37992326712224356
2024-02-29,0.0,TAN,0.5287834709097071
2024-02-29,0.05,BL,0.3796074452427434
2024-02-29,0.05,TAN,0.5287834709097071
2024-02-29,0.1,BL,0.3794257123456465
2024-02-29,0.1,TAN,0.5287834709097071
2024-03-31,-0.1,BL,0.5381369475124446
2024-03-31,-0.1,TAN,0.6851614243621124
2024-03-31,-0.05,BL,0.5404954803399307
2024-03-31,-0.05,TAN,0.6851614243621124
2024-03-31,0.0,BL,0.5402464989877178
2024-03-31,0.0,TAN,0.6851614243621124
2024-03-31,0.05,BL,0.5399302657486614
2024-03-31,0.05,TAN,0.6851614243621124
2024-03-31,0.1,BL,0.5397482961435697
2024-03-31,0.1,TAN,0.6851614243621124
2024-04-30,-0.1,BL,0.4972415882181484
2024-04-30,-0.1,TAN,0.5984424384184213
2024-04-30,-0.05,BL,0.4996318222179351
2024-04-30,-0.05,TAN,0.5984424384184213
2024-04-30,0.0,BL,0.49937949429337264
2024-04-30,0.0,TAN,0.5984424384184213
2024-04-30,0.05,BL,0.4990590105455756
2024-04-30,0.05,TAN,0.5984424384184213
2024-04-30,0.1,BL,0.4988745950767937
2024-04-30,0.1,TAN,0.5984424384184213
2024-05-31,-0.1,BL,0.5317504039884697
2024-05-31,-0.1,TAN,0.5619988945697981
2024-05-31,-0.05,BL,0.5346224867560556
2024-05-31,-0.05,TAN,0.5619988945697981
2024-05-31,0.0,BL,0.5343192918872764
2024-05-31,0.0,TAN,0.5619988945697981
2024-05-31,0.05,BL,0.5339342016202061
2024-05-31,0.05,TAN,0.5619988945697981
2024-05-31,0.1,BL,0.5337126097216671
2024-05-31,0.1,TAN,0.5619988945697981
2024-06-30,-0.1,BL,0.30135447102307483
2024-06-30,-0.1,TAN,0.4520566665571596
2024-06-30,-0.05,BL,0.3036938532215024
2024-06-30,-0.05,TAN,0.4520566665571596
2024-06-30,0.0,BL,0.30344689352845966
2024-06-30,0.0,TAN,0.4520566665571596
2024-06-30,0.05,BL,0.3031332280151465
2024-06-30,0.05,TAN,0.4520566665571596
2024-06-30,0.1,BL,0.3029527359525193
2024-06-30,0.1,TAN,0.4520566665571596
2024-07-31,-0.1,BL,0.28400950929044994
2024-07-31,-0.1,TAN,0.29715460074967565
2024-07-31,-0.05,BL,0.2866908738796111
2024-07-31,-0.05,TAN,0.29715460074967565
2024-07-31,0.0,BL,0.286407812404526
2024-07-31,0.0,TAN,0.29715460074967565
2024-07-31,0.05,BL,0.28604829372442137
2024-07-31,0.05,TAN,0.29715460074967565
2024-07-31,0.1,BL,0.28584141644473676
2024-07-31,0.1,TAN,0.29715460074967565
2024-08-31,-0.1,BL,0.2964804263153924
2024-08-31,-0.1,TAN,0.2415718107179028
2024-08-31,-0.05,BL,0.2988499797424528
2024-08-31,-0.05,TAN,0.2415718107179028
2024-08-31,0.0,BL,0.29859983498740233
2024-08-31,0.0,TAN,0.2415718107179028
2024-08-31,0.05,BL,0.2982821241009463
2024-08-31,0.05,TAN,0.2415718107179028
2024-08-31,0.1,BL,0.29809930421548986
2024-08-31,0.1,TAN,0.2415718107179028
2024-09-30,-0.1,BL,0.38606175657036884
2024-09-30,-0.1,TAN,0.5031873844260161
2024-09-30,-0.05,BL,0.3893024255901718
2024-09-30,-0.05,TAN,0.5031873844260161
2024-09-30,0.0,BL,0.38896032047074275
2024-09-30,0.0,TAN,0.5031873844260161
2024-09-30,0.05,BL,0.388525809978076
2024-09-30,0.05,TAN,0.5031873844260161
2024-09-30,0.1,BL,0.3882757802753324
2024-09-30,0.1,TAN,0.5031873844260161
2024-10-31,-0.1,BL,0.5040810847801103
2024-10-31,-0.1,TAN,0.6381169177032805
2024-10-31,-0.05,BL,0.5077346577316675
2024-10-31,-0.05,TAN,0.6381169177032805
2024-10-31,0.0,BL,0.5073489639124907
2024-10-31,0.0,TAN,0.6381169177032805
2024-10-31,0.05,BL,0.5068590910580048
2024-10-31,0.05,TAN,0.6381169177032805
2024-10-31,0.1,BL,0.506577204276773
2024-10-31,0.1,TAN,0.6381169177032805
2024-11-30,-0.1,BL,0.5995540114432285
2024-11-30,-0.1,TAN,0.6958484878158012
2024-11-30,-0.05,BL,0.6035933516073468
2024-11-30,-0.05,TAN,0.6958484878158012
2024-11-30,0.0,BL,0.6031669338087947
2024-11-30,0.0,TAN,0.6958484878158012
2024-11-30,0.05,BL,0.6026253370971174
2024-11-30,0.05,TAN,0.6958484878158012
2024-11-30,0.1,BL,0.6023136869365046
2024-11-30,0.1,TAN,0.6958484878158012
2024-12-31,-0.1,BL,0.5890048648874187
2024-12-31,-0.1,TAN,0.6896890766286962
2024-12-31,-0.05,BL,0.5933332395085257
2024-12-31,-0.05,TAN,0.6896890766286962
2024-12-31,0.0,BL,0.5928763094401852
2024-12-31,0.0,TAN,0.6896890766286962
2024-12-31,0.05,BL,0.5922959588466592
2024-12-31,0.05,TAN,0.6896890766286962
2024-12-31,0.1,BL,0.591962008599576
2024-12-31,0.1,TAN,0.6896890766286962
2025-01-31,-0.1,BL,0.5961073781761957
2025-01-31,-0.1,TAN,0.5769222191945689
2025-01-31,-0.05,BL,0.6007540752303309
2025-01-31,-0.05,TAN,0.5769222191945689
2025-01-31,0.0,BL,0.6002635410718156
2025-01-31,0.0,TAN,0.5769222191945689
2025-01-31,0.05,BL,0.5996405096502394
2025-01-31,0.05,TAN,0.5769222191945689
2025-01-31,0.1,BL,0.5992819996400888
2025-01-31,0.1,TAN,0.5769222191945689
2025-02-28,-0.1,BL,0.4717994728381183
2025-02-28,-0.1,TAN,0.6322185579617179
2025-02-28,-0.05,BL,0.4754081786477844
2025-02-28,-0.05,TAN,0.6322185579617179
2025-02-28,0.0,BL,0.47502722128235875
2025-02-28,0.0,TAN,0.6322185579617179
2025-02-28,0.05,BL,0.47454336423627796
2025-02-28,0.05,TAN,0.6322185579617179
2025-02-28,0.1,BL,0.4742649391224
2025-02-28,0.1,TAN,0.6322185579617179
2025-03-31,-0.1,BL,0.4188459165272511
2025-03-31,-0.1,TAN,0.614632378793879
2025-03-31,-0.05,BL,0.42217089628264126
2025-03-31,-0.05,TAN,0.614632378793879
2025-03-31,0.0,BL,0.42181989079909266
2025-03-31,0.0,TAN,0.614632378793879
2025-03-31,0.05,BL,0.42137407588161946
2025-03-31,0.05,TAN,0.614632378793879
2025-03-31,0.1,BL,0.4211175412911418
2025-03-31,0.1,TAN,0.614632378793879
2025-04-30,-0.1,BL,0.3900909743474093
2025-04-30,-0.1,TAN,0.7072146887224983
2025-04-30,-0.05,BL,0.39324472855034276
2025-04-30,-0.05,TAN,0.7072146887224983
2025-04-30,0.0,BL,0.39291179869800313
2025-04-30,0.0,TAN,0.7072146887224983
2025-04-30,0.05,BL,0.3924889417866392
2025-04-30,0.05,TAN,0.7072146887224983
2025-04-30,0.1,BL,0.39224561788621404
2025-04-30,0.1,TAN,0.7072146887224983
2025-05-31,-0.1,BL,0.3812901356215359
2025-05-31,-0.1,TAN,0.7143652703135293
2025-05-31,-0.05,BL,0.3843898436389224
2025-05-31,-0.05,TAN,0.7143652703135293
2025-05-31,0.0,BL,0.384062619237108
2025-05-31,0.0,TAN,0.7143652703135293
2025-05-31,0.05,BL,0.3836470088648276
2025-05-31,0.05,TAN,0.7143652703135293
2025-05-31,0.1,BL,0.3834078548292125
2025-05-31,0.1,TAN,0.7143652703135293
2025-06-30,-0.1,BL,0.4111540564677448
2025-06-30,-0.1,TAN,0.8183190313889013
2025-06-30,-0.05,BL,0.4144665786830949
2025-06-30,-0.05,TAN,0.8183190313889013
2025-06-30,0.0,BL,0.41411688829473087
2025-06-30,0.0,TAN,0.8183190313889013
2025-06-30,0.05,BL,0.41367274369034035
2025-06-30,0.05,TAN,0.8183190313889013
2025-06-30,0.1,BL,0.41341717024554414
2025-06-30,0.1,TAN,0.8183190313889013
2025-07-31,-0.1,BL,0.8118421808782537
2025-07-31,-0.1,TAN,0.9851689266469096
2025-07-31,-0.05,BL,0.8169773308836555
2025-07-31,-0.05,TAN,0.9851689266469096
2025-07-31,0.0,BL,0.8164352326023595
2025-07-31,0.0,TAN,0.9851689266469096
2025-07-31,0.05,BL,0.8157467091693492
2025-07-31,0.05,TAN,0.9851689266469096
2025-07-31,0.1,BL,0.815350513192053
2025-07-31,0.1,TAN,0.9851689266469096
2025-08-31,-0.1,BL,0.9990626812993445
2025-08-31,-0.1,TAN,1.2787452331819162
2025-08-31,-0.05,BL,1.0046226273213426
2025-08-31,-0.05,TAN,1.2787452331819162
2025-08-31,0.0,BL,1.0040356849380718
2025-08-31,0.0,TAN,1.2787452331819162
2025-08-31,0.05,BL,1.0032902046466703
2025-08-31,0.05,TAN,1.2787452331819162
2025-08-31,0.1,BL,1.002861234072182
2025-08-31,0.1,TAN,1.2787452331819162
2025-09-30,-0.1,BL,0.4609227676306641
2025-09-30,-0.1,TAN,1.2987790624216982
2025-09-30,-0.05,BL,0.4619944238684048
2025-09-30,-0.05,TAN,1.2987790624216982
2025-09-30,0.0,BL,0.46188129318984467
2025-09-30,0.0,TAN,1.2987790624216982
2025-09-30,0.05,BL,0.461737604995529
2025-09-30,0.05,TAN,1.2987790624216982
2025-09-30,0.1,BL,0.46165492271945324
2025-09-30,0.1,TAN,1.2987790624216982
2025-10-31,-0.1,BL,0.6169341619794673
2025-10-31,-0.1,TAN,1.4173080646336398
2025-10-31,-0.05,BL,0.6180322390191446
2025-10-31,-0.05,TAN,1.4173080646336398
2025-10-31,0.0,BL,0.6179163191968778
2025-10-31,0.0,TAN,1.4173080646336398
2025-10-31,0.05,BL,0.6177690884884713
2025-10-31,0.05,TAN,1.4173080646336398
2025-10-31,0.1,BL,0.6176843677489753
2025-10-31,0.1,TAN,1.4173080646336398
2025-11-30,-0.1,BL,1.3231894091648333
2025-11-30,-0.1,TAN,1.9262407023047534
2025-11-30,-0.05,BL,1.3286368039245757
2025-11-30,-0.05,TAN,1.9262407023047534
2025-11-30,0.0,BL,1.3280617431505592
2025-11-30,0.0,TAN,1.9262407023047534
2025-11-30,0.05,BL,1.3273313537876401
2025-11-30,0.05,TAN,1.9262407023047534
2025-11-30,0.1,BL,1.3269110669628572
2025-11-30,0.1,TAN,1.9262407023047534
2025-12-31,-0.1,BL,1.5643474737381224
2025-12-31,-0.1,TAN,2.2468969482606287
2025-12-31,-0.05,BL,1.5705438457879968
2025-12-31,-0.05,TAN,2.2468969482606287
2025-12-31,0.0,BL,1.569889718326292
2025-12-31,0.0,TAN,2.2468969482606287
2025-12-31,0.05,BL,1.5690589057207203
2025-12-31,0.05,TAN,2.2468969482606287
2025-12-31,0.1,BL,1.5685808325042792
2025-12-31,0.1,TAN,2.2468969482606287
2026-01-31,-0.1,BL,1.3857600454792824
2026-01-31,-0.1,TAN,2.091546463562347
2026-01-31,-0.05,BL,1.3916473748609848
2026-01-31,-0.05,TAN,2.091546463562347
2026-01-31,0.0,BL,1.3910258718599264
2026-01-31,0.0,TAN,2.091546463562347
2026-01-31,0.05,BL,1.3902364958469784
2026-01-31,0.05,TAN,2.091546463562347
2026-01-31,0.1,BL,1.389782266425132
2026-01-31,0.1,TAN,2.091546463562347
2026-02-28,-0.1,BL,1.4950928044187182
2026-02-28,-0.1,TAN,1.9825759945220283
2026-02-28,-0.05,BL,1.5018096520884772
2026-02-28,-0.05,TAN,1.9825759945220283
2026-02-28,0.0,BL,1.5011005799924968
2026-02-28,0.0,TAN,1.9825759945220283
2026-02-28,0.05,BL,1.5001999817603664
2026-02-28,0.05,TAN,1.9825759945220283
2026-02-28,0.1,BL,1.4996817519084498
2026-02-28,0.1,TAN,1.9825759945220283
2026-03-31,-0.1,BL,1.2378234473119571
2026-03-31,-0.1,TAN,1.8178761406244812
2026-03-31,-0.05,BL,1.2429752900564077
2026-03-31,-0.05,TAN,1.8178761406244812
2026-03-31,0.0,BL,1.2424314295860541
2026-03-31,0.0,TAN,1.8178761406244812
2026-03-31,0.05,BL,1.2417406679823995
2026-03-31,0.05,TAN,1.8178761406244812
2026-03-31,0.1,BL,1.241343184098021
2026-03-31,0.1,TAN,1.8178761406244812
2026-04-30,-0.1,BL,1.4941769318387763
2026-04-30,-0.1,TAN,2.173910763671774
2026-04-30,-0.05,BL,1.5003914972646886
2026-04-30,-0.05,TAN,2.173910763671774
2026-04-30,0.0,BL,1.499735449197379
2026-04-30,0.0,TAN,2.173910763671774
2026-04-30,0.05,BL,1.498902197215019
2026-04-30,0.05,TAN,2.173910763671774
2026-04-30,0.1,BL,1.4984227203117546
2026-04-30,0.1,TAN,2.173910763671774
2026-05-31,-0.1,BL,1.1203431025714627
2026-05-31,-0.1,TAN,1.867144876370226
2026-05-31,-0.05,BL,1.1256856698070201
2026-05-31,-0.05,TAN,1.867144876370226
2026-05-31,0.0,BL,1.1251216752765667
2026-05-31,0.0,TAN,1.867144876370226
2026-05-31,0.05,BL,1.1244053412395387
2026-05-31,0.05,TAN,1.867144876370226
2026-05-31,0.1,BL,1.1239931422492588
2026-05-31,0.1,TAN,1.867144876370226
